id,step_number,block,question_text,question_icon,question_type,input_type,input_placeholder,no_option_value,no_option_next_step,no_option_action_type,no_option_action_data,option1_text,option1_value,option1_next_step,option1_action_type,option1_action_data,option2_text,option2_value,option2_next_step,option2_action_type,option2_action_data,option3_text,option3_value,option3_next_step,option3_action_type,option3_action_data,option4_text,option4_value,option4_next_step,option4_action_type,option4_action_data,show_conditions,created_at,updated_at
1,101,INTRO,"üöÄ Hej! V√§lkommen till RaketRapport! Jag hj√§lper dig att skapa och ladda upp din √•rsredovisning p√• bara ett par minuter.
üìÅ Ladda upp din .SE fil fr√•n bokf√∂ringsprogrammet f√∂r att automatiskt skapa din √•rsredovisning.",,message,,,upload_se_file,102,show_file_upload,,,,,,,,,,,,,,,,,,,,,,,2025-08-11 15:18:32.40331+00,2025-08-11 15:18:32.40331+00
2,102,INTRO,Perfekt! Resultatrapport och balansr√§kning √§r nu skapad fr√•n SE-filen.,"‚úÖ ",message,,,,103,,,,,,,,,,,,,,,,,,,,,,,,2025-08-11 15:18:32.40331+00,2025-08-11 15:18:32.40331+00
3,103,INTRO,√Örets resultat √§r: {SumAretsResultat} kr. Se fullst√§ndig resultat- och balans rapport i preview f√∂nstret till h√∂ger.,üí∞,message,,,,104,,,,,,,,,,,,,,,,,,,,,,,,2025-08-11 15:18:32.40331+00,2025-08-11 15:18:32.40331+00
4,104,INTRO,Den bokf√∂rda skatten √§r {SkattAretsResultat} kr. Vill du godk√§nna den eller vill du se √∂ver de skattem√§ssiga justeringarna?,üèõÔ∏è,options,,,,,,,"Ja, godk√§nn den bokf√∂rda skatten.",continue,501,navigate,,L√•t mig se √∂ver justeringarna!,continue,201,navigate,,,,,,,,,,,,,2025-08-11 15:18:32.40331+00,2025-08-11 15:18:32.40331+00
5,201,PENSION,"Det verkar som att s√§rskild l√∂neskatt p√• pensionf√∂rs√§kringspremier inte verkar vara bokf√∂rd. Inbetalda pensionf√∂rs√§kringspremier under √•ret uppg√•r till {pension_premier} kr och den s√§rskilda l√∂neskatten borde uppg√• till {sarskild_loneskatt_pension_calculated} kr,  men endast {sarskild_loneskatt_pension} kr verkar vara bokf√∂rt. Vill du att vi justerar den s√§rskilda l√∂neskatten och d√§rmed √•rets resultat enligt v√•ra ber√§kningar?",‚ö†Ô∏è,options,,,,,,,Justera s√§rskild l√∂neskatt till {sarskild_loneskatt_pension_calculated} kr,adjust_calculated,202,set_variable,"{""value"": ""calculated"", ""variable"": ""justeringSarskildLoneskatt""}",Beh√•ll nuvarande bokf√∂rd s√§rskild l√∂neskatt {sarskild_loneskatt_pension} kr,keep_current,301,set_variable,"{""value"": ""current"", ""variable"": ""justeringSarskildLoneskatt""}",Ange belopp f√∂r egen s√§rskild l√∂neskatt,enter_custom,203,show_input,"{""input_type"": ""amount"", ""placeholder"": ""Ange belopp...""}",,,,,,"{""pension_premier"": {""gt"": 0}, ""sarskild_loneskatt_pension_calculated"": {""gt"": ""sarskild_loneskatt_pension""}}",2025-08-11 15:18:32.40331+00,2025-08-11 15:18:32.40331+00
6,202,PENSION,"Perfekt, nu √§r den s√§rskilda l√∂neskatten justerad som du kan se i skatteutr√§kningen till h√∂ger.",‚úÖ,message,,,continue,301,navigate,,,,,,,,,,,,,,,,,,,,,,,2025-08-11 15:18:32.40331+00,2025-08-11 15:18:32.40331+00
7,203,PENSION,Ange belopp f√∂r s√§rskild l√∂neskatt:,üí∞,input,amount,Ange belopp...,,,,,Skicka,submit,202,process_input,"{""variable"": ""sarskildLoneskattCustom""}",,,,,,,,,,,,,,,,,2025-08-11 15:18:32.40331+00,2025-08-11 15:18:32.40331+00
8,301,UNDERSKOTT,Outnyttjat underskott fr√•n f√∂reg√•ende √•r √§r det samlade beloppet av tidigare √•rs skattem√§ssiga f√∂rluster som √§nnu inte har kunnat kvittas mot vinster. Om f√∂retaget g√•r med vinst ett senare √•r kan hela eller delar av det outnyttjade underskottet anv√§ndas f√∂r att minska den beskattningsbara inkomsten och d√§rmed skatten. Denna uppgift g√•r inte att h√§mta fr√•n tidigare √•rsredovisningar utan beh√∂ver tas fr√•n √•rets f√∂rtryckta deklaration eller fr√•n f√∂rra √•rets inl√§mnade skattedeklaration. Vill du...,üìä,options,,,,,,,Finns inget outnyttjat underskott kvar,none,401,navigate,,Ange belopp outnyttjat underskott,enter_amount,302,show_input,"{""input_type"": ""amount"", ""placeholder"": ""Ange belopp...""}",,,,,,,,,,,,2025-08-11 15:18:32.40331+00,2025-08-11 15:18:32.40331+00
9,302,UNDERSKOTT,Det g√•r bra att l√§gga in belopp f√∂r outnyttjat underskott i rutan nedan och klicka p√• Skicka s√• uppdateras skatteutr√§kningen automatiskt.,üí∞,input,amount,Ange belopp...,,,,,Skicka,submit,303,process_input,"{""variable"": ""unusedTaxLossAmount""}",,,,,,,,,,,,,,,,,2025-08-11 15:18:32.40331+00,2025-08-11 15:18:32.40331+00
10,303,UNDERSKOTT,"Outnyttjat underskott fr√•n f√∂reg√•ende √•r har blivit uppdaterat med {unusedTaxLossAmount} kr, som du kan se i skatteutr√§kningen till h√∂ger.",‚úÖ,options,,,continue,304,navigate,,,,,navigate,,,,,,,,,,,,,,,,,,2025-08-11 15:18:32.40331+00,2025-08-11 15:18:32.40331+00
18,304,UNDERSKOTT,"Perfekt, nu √§r den outnyttjade f√∂rlusten och d√§rmed skattem√§ssigt resultat samt ber√§knad skatt justerad som du kan se i skatteutr√§kningen till h√∂ger.",‚úÖ,message,,,continue,401,navigate,,,,,,,,,,,,,,,,,,,,,,,,
11,401,SLUTSKATT,Ber√§knad skatt efter skattem√§ssiga justeringar √§r {inkBeraknadSkatt} kr. Vill du godk√§nna denna skatt eller vill du g√∂ra manuella justeringar? Eller vill du hellre att vi godk√§nner och anv√§nder den bokf√∂rda skatten?,üßÆ,options,,,,,,,Godk√§nn och anv√§nd ber√§knad skatt {inkBeraknadSkatt} kr,approve_calculated,405,set_variable,"{""value"": ""calculated"", ""variable"": ""finalTaxChoice""}",G√∂r manuella √§ndringar i skattejusteringarna,manual_changes,402,enable_editing,,Godk√§nn och anv√§nd bokf√∂rd skatt {inkBokfordSkatt} kr,approve_booked,405,set_variable,"{""value"": ""booked"", ""variable"": ""finalTaxChoice""}",,,,,,,2025-08-11 15:18:32.40331+00,2025-08-11 15:18:32.40331+00
12,402,SLUTSKATT,"Du kan nu redigera skattem√§ssiga justeringar. Klicka p√• ""Godk√§nn och uppdatera skatt"" n√§r du √§r klar.",‚úèÔ∏è,message,,,,,,,Godk√§nn och uppdatera skatt,update_tax,405,save_manual_tax,,√Öngra √§ndringar,undo_changes,401,reset_tax_edits,,,,,,,,,,,,,2025-08-11 15:18:32.40331+00,2025-08-11 15:18:32.40331+00
13,405,SLUTSKATT,Perfekt! Nu √§r √•rets skatt ber√§knat och vi har √§ven ett slutgiltigt √•rets resultat och vi kan g√• vidare!,‚úÖ,message,,,continue,501,navigate,,,,,,,,,,,,,,,,,,,,,,,,
14,501,UTDELNING,Perfekt! Vill ni g√∂ra n√•gon utdelning av vinsten?,üí∞,options,,,,,,,0 kr utdelning,0,505,set_variable,"{""value"": ""0"", ""variable"": ""dividend""}",Hela √•rets vinst {SumAretsResultat} kr,,505,set_variable,,,,,,,,,,,,,2025-08-11 15:18:32.40331+00,2025-08-11 15:18:32.40331+00
15,502,UTDELNING,Ange belopp f√∂r utdelning:,üí∞,input,amount,Ange belopp...,,,,,Skicka,submit,505,process_input,"{""variable"": ""customDividend""}",,,,,,,,,,,,,,,,,2025-08-11 15:18:32.40331+00,2025-08-11 15:18:32.40331+00
16,505,UTDELNING,"Perfekt! D√• har vi best√§mt hur utdelningsbara medel ska disponeras och kan g√• vidare med att f√§rdigst√§lla f√∂rvaltningsber√§ttelsen.  ",‚úÖ,message,,,continue,601,navigate,,,,,,,,,,,,,,,,,,,,,,,,
17,601,FB,Har n√•got s√§rskilt h√§nt i verksamheten under √•ret?,üìã,options,,,,,,,"Nej, inget s√§rskilt",no_events,701,set_variable,"{""value"": false, ""variable"": ""hasEvents""}","Ja, det har h√§nt saker",has_events,602,show_input,"{""input_type"": ""text"", ""placeholder"": ""Beskriv vad som h√§nt...""}",,,,,,,,,,,,2025-08-11 15:18:32.40331+00,2025-08-11 15:18:32.40331+00